,index,mean_fit_time,std_fit_time,mean_score_time,std_score_time,param_weights,param_n_neighbors,params,split0_test_recall,split1_test_recall,split2_test_recall,split3_test_recall,split4_test_recall,mean_test_recall,std_test_recall,rank_test_recall,split0_train_recall,split1_train_recall,split2_train_recall,split3_train_recall,split4_train_recall,mean_train_recall,std_train_recall,split0_test_precision,split1_test_precision,split2_test_precision,split3_test_precision,split4_test_precision,mean_test_precision,std_test_precision,rank_test_precision,split0_train_precision,split1_train_precision,split2_train_precision,split3_train_precision,split4_train_precision,mean_train_precision,std_train_precision,param_PCA_features
0,0,0.22275776863098146,0.002875698175696937,2.3064505577087404,0.010906347098367767,uniform,9,"{'weights': 'uniform', 'n_neighbors': 9}",0.0007434944237918215,0.0,0.0007434944237918215,0.0007434944237918215,0.0,0.00044609665427509297,0.00036423639297891117,9,0.0013011152416356876,0.001486988847583643,0.0013011152416356876,0.0013011152416356876,0.0,0.0010780669144981412,0.0005438192876701782,1.0,0.0,1.0,1.0,0.0,0.6,0.48989794855663565,2,1.0,1.0,1.0,1.0,0.0,0.8,0.4,1
1,1,0.22367382049560547,0.010912537292830884,0.35607523918151857,0.003147120343551288,distance,3,"{'weights': 'distance', 'n_neighbors': 3}",0.006691449814126394,0.0037174721189591076,0.001486988847583643,0.005947955390334572,0.008921933085501859,0.005353159851301115,0.0025496547508523787,3,1.0,1.0,1.0,1.0,1.0,1.0,0.0,0.010501750291715286,0.006053268765133172,0.0024390243902439024,0.00984009840098401,0.01507537688442211,0.008781903746499694,0.004274646642546566,8,1.0,1.0,1.0,1.0,1.0,1.0,0.0,1
2,2,0.21781563758850098,0.0015049958756312711,2.2920342922210692,0.05189741799396906,uniform,3,"{'weights': 'uniform', 'n_neighbors': 3}",0.001486988847583643,0.0,0.0007434944237918215,0.0007434944237918215,0.0044609665427509295,0.001486988847583643,0.0015595670604760619,7,0.010037174721189592,0.01171003717472119,0.012639405204460967,0.009851301115241635,0.01245353159851301,0.01133828996282528,0.0011814311213435465,0.15384615384615385,0.0,0.0625,0.05,0.18181818181818182,0.08963286713286714,0.06776796579599065,4,0.6835443037974683,0.7078651685393258,0.7010309278350515,0.7162162162162162,0.6320754716981132,0.688146417617235,0.030026267709267546,1
3,3,0.21857595443725586,0.0056723107468442885,0.3125030517578125,0.0009674211992381387,distance,1,"{'weights': 'distance', 'n_neighbors': 1}",0.009665427509293681,0.005947955390334572,0.0044609665427509295,0.008921933085501859,0.011152416356877323,0.008029739776951672,0.0024614045140887507,1,1.0,1.0,1.0,1.0,1.0,1.0,0.0,0.009219858156028368,0.0060790273556231,0.0045351473922902496,0.009015777610818933,0.011511895625479662,0.008072341228048063,0.002470726297547062,9,1.0,1.0,1.0,1.0,1.0,1.0,0.0,1
4,4,0.21785445213317872,0.00155155539415502,2.1705389976501466,0.012423888152424161,uniform,1,"{'weights': 'uniform', 'n_neighbors': 1}",0.009665427509293681,0.005947955390334572,0.0044609665427509295,0.008921933085501859,0.011152416356877323,0.008029739776951672,0.0024614045140887507,1,1.0,1.0,1.0,1.0,1.0,1.0,0.0,0.009219858156028368,0.0060790273556231,0.0045351473922902496,0.009015777610818933,0.011511895625479662,0.008072341228048063,0.002470726297547062,9,1.0,1.0,1.0,1.0,1.0,1.0,0.0,1
5,5,0.2244128704071045,0.005732326773451885,0.44103426933288575,0.008862085014260546,distance,7,"{'weights': 'distance', 'n_neighbors': 7}",0.0052044609665427505,0.001486988847583643,0.0007434944237918215,0.0022304832713754648,0.007434944237918215,0.003420074349442379,0.0025147263234628642,4,1.0,1.0,1.0,1.0,1.0,1.0,0.0,0.0137524557956778,0.004405286343612335,0.0020964360587002098,0.006787330316742082,0.021551724137931036,0.009718646530532693,0.007088241623257174,7,1.0,1.0,1.0,1.0,1.0,1.0,0.0,1
6,6,0.2278996467590332,0.008241023557643735,2.3707113742828367,0.017632458170770613,uniform,11,"{'weights': 'uniform', 'n_neighbors': 11}",0.0007434944237918215,0.0,0.0007434944237918215,0.0007434944237918215,0.0,0.00044609665427509297,0.00036423639297891117,9,0.0013011152416356876,0.001486988847583643,0.0013011152416356876,0.0013011152416356876,0.0,0.0010780669144981412,0.0005438192876701782,1.0,0.0,1.0,1.0,0.0,0.6,0.48989794855663565,2,1.0,1.0,1.0,1.0,0.0,0.8,0.4,1
7,7,0.22037644386291505,0.0031802660482863434,2.3312143802642824,0.06453666116927488,uniform,5,"{'weights': 'uniform', 'n_neighbors': 5}",0.001486988847583643,0.0,0.0007434944237918215,0.0007434944237918215,0.0037174721189591076,0.0013382899628252786,0.0012791561735379369,8,0.001486988847583643,0.0018587360594795538,0.0016728624535315986,0.0016728624535315986,0.0005576208178438662,0.001449814126394052,0.0004613261578435263,0.6666666666666666,0.0,1.0,1.0,1.0,0.7333333333333333,0.38873012632302,1,1.0,1.0,1.0,1.0,1.0,1.0,0.0,1
8,8,0.21964411735534667,0.00264884958766724,0.5018499851226806,0.015570637634367255,distance,11,"{'weights': 'distance', 'n_neighbors': 11}",0.0044609665427509295,0.001486988847583643,0.0007434944237918215,0.0022304832713754648,0.006691449814126394,0.0031226765799256505,0.002175277150680713,6,1.0,1.0,1.0,1.0,1.0,1.0,0.0,0.014184397163120567,0.005221932114882507,0.002551020408163265,0.008356545961002786,0.024725274725274724,0.01100783407448877,0.007877593777261308,5,1.0,1.0,1.0,1.0,1.0,1.0,0.0,1
9,9,0.23200492858886718,0.01741620272929937,0.4888042449951172,0.04309116896860684,distance,9,"{'weights': 'distance', 'n_neighbors': 9}",0.0044609665427509295,0.001486988847583643,0.0007434944237918215,0.0022304832713754648,0.007434944237918215,0.0032713754646840148,0.0024252054171449945,5,1.0,1.0,1.0,1.0,1.0,1.0,0.0,0.013186813186813187,0.004842615012106538,0.002347417840375587,0.007614213197969543,0.024752475247524754,0.01054870689695792,0.007964151181519904,6,1.0,1.0,1.0,1.0,1.0,1.0,0.0,1
10,0,0.36211795806884767,0.004532876221952222,2.466685152053833,0.009454630451706168,uniform,3,"{'weights': 'uniform', 'n_neighbors': 3}",0.137546468401487,0.1100371747211896,0.12788104089219332,0.12118959107806691,0.11821561338289963,0.1229739776951673,0.009269559777254245,5,0.3513011152416357,0.3533457249070632,0.35446096654275094,0.35520446096654273,0.3533457249070632,0.35353159851301114,0.0013195716988326199,0.292259083728278,0.2730627306273063,0.29553264604810997,0.2703150912106136,0.2672268907563025,0.27967928847412205,0.011799232450105565,7,0.7331264546159814,0.7314351673720662,0.7248194602812619,0.7296678121420389,0.7362509682416731,0.7310599725306044,0.0038010435286184854,2
11,1,0.4016244411468506,0.06137813481482714,0.5041759490966797,0.04260586129933133,distance,1,"{'weights': 'distance', 'n_neighbors': 1}",0.23345724907063198,0.22825278810408922,0.24758364312267658,0.2245353159851301,0.2319702602230483,0.23315985130111522,0.007848709722169014,1,1.0,1.0,1.0,1.0,1.0,1.0,0.0,0.22364672364672364,0.23222390317700453,0.23853868194842406,0.22108345534407028,0.22462203023758098,0.22802295887076068,0.0064358810494181354,9,1.0,1.0,1.0,1.0,1.0,1.0,0.0,2
12,2,0.37164859771728515,0.011703244230230067,0.5863446235656739,0.019048419622138494,distance,3,"{'weights': 'distance', 'n_neighbors': 3}",0.19256505576208177,0.17100371747211895,0.19033457249070632,0.1754646840148699,0.16951672862453532,0.17977695167286245,0.009755372173595074,3,1.0,1.0,1.0,1.0,1.0,1.0,0.0,0.2919954904171364,0.27946537059538273,0.2838137472283814,0.2681818181818182,0.269185360094451,0.27852835730343395,0.008994659343325844,8,1.0,1.0,1.0,1.0,1.0,1.0,0.0,2
13,3,0.3610989093780518,0.004996087848799542,0.8640113353729248,0.0052257998591197065,distance,11,"{'weights': 'distance', 'n_neighbors': 11}",0.08847583643122676,0.08029739776951673,0.09665427509293681,0.08401486988847584,0.08475836431226766,0.08684014869888476,0.005551867569544824,7,1.0,1.0,1.0,1.0,1.0,1.0,0.0,0.40893470790378006,0.43373493975903615,0.4452054794520548,0.40942028985507245,0.4523809523809524,0.4299352738701792,0.01796281416280779,2,1.0,1.0,1.0,1.0,1.0,1.0,0.0,2
14,4,0.3576198101043701,0.0031450545564668583,0.7301457405090332,0.0027600932190382523,distance,7,"{'weights': 'distance', 'n_neighbors': 7}",0.12490706319702602,0.11524163568773234,0.12490706319702602,0.11226765799256505,0.11672862453531599,0.11881040892193309,0.005181041305631032,6,1.0,1.0,1.0,1.0,1.0,1.0,0.0,0.3792325056433409,0.37897310513447435,0.3708609271523179,0.3424036281179138,0.3685446009389671,0.3680029533974028,0.013492471408802595,4,1.0,1.0,1.0,1.0,1.0,1.0,0.0,2
15,5,0.37918910980224607,0.019159204206305454,2.5501100063323974,0.04195170388313191,uniform,5,"{'weights': 'uniform', 'n_neighbors': 5}",0.0862453531598513,0.0691449814126394,0.08550185873605948,0.07137546468401487,0.0795539033457249,0.07836431226765798,0.007047134935954072,8,0.17843866171003717,0.18271375464684014,0.17899628252788105,0.18029739776951673,0.18029739776951673,0.18014869888475835,0.0014748575780577954,0.3569230769230769,0.34317343173431736,0.3495440729483283,0.3221476510067114,0.33126934984520123,0.34061151649152704,0.012494890032060106,5,0.7022677395757132,0.6937191249117854,0.7008733624454149,0.7059679767103348,0.6923625981441828,0.6990381603574863,0.005189908905768107,2
16,6,0.3623018264770508,0.0071689377249727826,2.3029922008514405,0.018484202302722113,uniform,1,"{'weights': 'uniform', 'n_neighbors': 1}",0.23345724907063198,0.22825278810408922,0.24758364312267658,0.2245353159851301,0.2319702602230483,0.23315985130111522,0.007848709722169014,1,1.0,1.0,1.0,1.0,1.0,1.0,0.0,0.22364672364672364,0.23222390317700453,0.23853868194842406,0.22108345534407028,0.22462203023758098,0.22802295887076068,0.0064358810494181354,9,1.0,1.0,1.0,1.0,1.0,1.0,0.0,2
17,7,0.3597874641418457,0.005576506669168154,2.6073504447937013,0.007631134309587877,uniform,7,"{'weights': 'uniform', 'n_neighbors': 7}",0.0550185873605948,0.05278810408921933,0.0550185873605948,0.04981412639405204,0.04237918215613383,0.05100371747211896,0.004716357331495526,9,0.11022304832713754,0.10929368029739776,0.10985130111524163,0.10892193308550185,0.11022304832713754,0.10970260223048327,0.0005177839508246894,0.39361702127659576,0.4303030303030303,0.43023255813953487,0.3544973544973545,0.3392857142857143,0.38958713570044595,0.03764996721783664,3,0.6927570093457944,0.6869158878504673,0.696113074204947,0.6861826697892272,0.6960093896713615,0.6915956061723595,0.004299709371407978,2
18,8,0.36621317863464353,0.0156483547606927,2.7713902473449705,0.060314764851621884,uniform,11,"{'weights': 'uniform', 'n_neighbors': 11}",0.021561338289962824,0.02899628252788104,0.025278810408921933,0.019330855018587362,0.019330855018587362,0.022899628252788105,0.003744142248926147,10,0.04423791821561338,0.04423791821561338,0.04460966542750929,0.041635687732342004,0.04330855018587361,0.043605947955390335,0.0010748574196878043,0.5272727272727272,0.5735294117647058,0.4533333333333333,0.43333333333333335,0.41935483870967744,0.48136472888275544,0.05922815827130629,1,0.7190332326283988,0.7125748502994012,0.7228915662650602,0.6850152905198776,0.6996996996996997,0.7078429278824876,0.013867146209882317,2
19,9,0.3659400463104248,0.004449072014362799,0.6621055126190185,0.01706744913368896,distance,5,"{'weights': 'distance', 'n_neighbors': 5}",0.1546468401486989,0.1308550185873606,0.15390334572490708,0.137546468401487,0.1449814126394052,0.14438661710037176,0.009231314911624544,4,1.0,1.0,1.0,1.0,1.0,1.0,0.0,0.3404255319148936,0.3308270676691729,0.3306709265175719,0.3151618398637138,0.33163265306122447,0.32974360380531537,0.008152714348423983,6,1.0,1.0,1.0,1.0,1.0,1.0,0.0,2
20,0,0.4553872585296631,0.020372192473523072,0.7394823551177978,0.04474145585028755,distance,1,"{'weights': 'distance', 'n_neighbors': 1}",0.5323420074349442,0.5345724907063197,0.5553903345724907,0.5226765799256505,0.5628252788104089,0.5415613382899627,0.015059020254182489,1,1.0,1.0,1.0,1.0,1.0,1.0,0.0,0.5125268432355047,0.5168943206326384,0.5370237239396118,0.521513353115727,0.5184931506849315,0.5212902783216827,0.008384953606381761,9,1.0,1.0,1.0,1.0,1.0,1.0,0.0,3
21,1,0.43540201187133787,0.010488964869540134,2.9887346267700194,0.01680344382270375,uniform,5,"{'weights': 'uniform', 'n_neighbors': 5}",0.3226765799256506,0.3315985130111524,0.32936802973977697,0.32342007434944237,0.3524163568773234,0.3318959107806691,0.010811135006271247,7,0.5336431226765799,0.5306691449814126,0.5254646840148699,0.5342007434944238,0.5178438661710038,0.528364312267658,0.006104582749270861,0.5571245186136072,0.6109589041095891,0.6010854816824966,0.5942622950819673,0.6030534351145038,0.5932969269204328,0.01885296546464734,6,0.8042016806722689,0.7961517010596765,0.7954417557681486,0.80122665179816,0.7982808022922636,0.7990605183181035,0.0032646072327966284,3
22,2,0.43081979751586913,0.006288819584356308,1.480827760696411,0.016340321310213887,distance,11,"{'weights': 'distance', 'n_neighbors': 11}",0.25799256505576207,0.25427509293680295,0.2550185873605948,0.24684014869888476,0.2788104089219331,0.25858736059479553,0.010757827359218397,8,1.0,1.0,1.0,1.0,1.0,1.0,0.0,0.6995967741935484,0.7139874739039666,0.7266949152542372,0.6734279918864098,0.6970260223048327,0.7021466355085989,0.017890256880113323,1,1.0,1.0,1.0,1.0,1.0,1.0,0.0,3
23,3,0.4328313827514648,0.008645539622226153,2.828300380706787,0.013912561544726585,uniform,3,"{'weights': 'uniform', 'n_neighbors': 3}",0.4342007434944238,0.41486988847583645,0.43048327137546466,0.42602230483271375,0.4527881040892193,0.43167286245353165,0.012392961508410183,4,0.6942379182156134,0.6953531598513011,0.6914498141263941,0.6914498141263941,0.6847583643122677,0.6914498141263941,0.003681986770086059,0.5504241281809613,0.5557768924302788,0.579,0.5747241725175527,0.5496389891696751,0.5619128364596936,0.012461051671389473,8,0.8192586093441544,0.8254633715798765,0.8242853977398626,0.8285077951002228,0.828982898289829,0.8252996144107889,0.003504517015246717,3
24,4,0.4455704212188721,0.021832499726412543,3.13875994682312,0.03844258824981547,uniform,7,"{'weights': 'uniform', 'n_neighbors': 7}",0.23940520446096655,0.23643122676579925,0.2408921933085502,0.23345724907063198,0.24981412639405204,0.24,0.0055319182863162114,9,0.3996282527881041,0.38940520446096655,0.4024163568773234,0.3946096654275093,0.3908921933085502,0.3953903345724907,0.004979747821454377,0.5919117647058824,0.6138996138996139,0.6148007590132827,0.5804066543438078,0.60431654676259,0.6010670677450353,0.01322512673810574,5,0.7930652895610476,0.7872980082675686,0.7915904936014625,0.7987208427389014,0.7932855526216522,0.7927920373581265,0.0036632504793397583,3
25,5,0.43985757827758787,0.007031636418724378,2.578549289703369,0.01834881695475094,uniform,1,"{'weights': 'uniform', 'n_neighbors': 1}",0.5323420074349442,0.5345724907063197,0.5553903345724907,0.5226765799256505,0.5628252788104089,0.5415613382899627,0.015059020254182489,1,1.0,1.0,1.0,1.0,1.0,1.0,0.0,0.5125268432355047,0.5168943206326384,0.5370237239396118,0.521513353115727,0.5184931506849315,0.5212902783216827,0.008384953606381761,9,1.0,1.0,1.0,1.0,1.0,1.0,0.0,3
26,6,0.45223798751831057,0.038463320222240374,3.3064740657806397,0.09855829633768903,uniform,9,"{'weights': 'uniform', 'n_neighbors': 9}",0.17100371747211895,0.1591078066914498,0.16431226765799256,0.16654275092936802,0.17100371747211895,0.16639405204460966,0.004470868811412019,10,0.2853159851301115,0.28197026022304833,0.2825278810408922,0.2808550185873606,0.28066914498141265,0.2822676579925651,0.0016732754550077124,0.6068601583113457,0.6079545454545454,0.6242937853107344,0.5848563968668408,0.6052631578947368,0.6058456087676405,0.012543511531681917,4,0.7875833760903027,0.7892819979188346,0.7920792079207921,0.7760657421674371,0.7943187795896897,0.7878658207374112,0.00633593712960766,3
27,7,0.4502551555633545,0.024166391027781214,0.9485483646392823,0.006286481886428893,distance,3,"{'weights': 'distance', 'n_neighbors': 3}",0.4728624535315985,0.4550185873605948,0.48029739776951674,0.462453531598513,0.48475836431226765,0.4710780669144981,0.011023793601695548,3,1.0,1.0,1.0,1.0,1.0,1.0,0.0,0.5653333333333334,0.5645756457564576,0.5904936014625228,0.5873465533522191,0.550210970464135,0.5715920208737336,0.015172508352297153,7,1.0,1.0,1.0,1.0,1.0,1.0,0.0,3
28,8,0.43604073524475095,0.009325737847857571,1.080538034439087,0.015451099492754757,distance,5,"{'weights': 'distance', 'n_neighbors': 5}",0.4052044609665427,0.40817843866171005,0.40817843866171005,0.38810408921933087,0.4349442379182156,0.4089219330855019,0.015003120601492271,5,1.0,1.0,1.0,1.0,1.0,1.0,0.0,0.5956284153005464,0.6267123287671232,0.623155505107832,0.6192170818505338,0.6210191082802548,0.617146487861258,0.011044687370967565,3,1.0,1.0,1.0,1.0,1.0,1.0,0.0,3
29,9,0.42650766372680665,0.011427629675100283,1.2361382007598878,0.03708475921953256,distance,7,"{'weights': 'distance', 'n_neighbors': 7}",0.35985130111524166,0.3464684014869889,0.34349442379182155,0.33605947955390336,0.37992565055762084,0.35315985130111527,0.01543892621848912,6,1.0,1.0,1.0,1.0,1.0,1.0,0.0,0.6410596026490066,0.6445366528354081,0.6390041493775933,0.6384180790960452,0.6435768261964736,0.6413190620309054,0.002420422746720655,2,1.0,1.0,1.0,1.0,1.0,1.0,0.0,3
30,0,0.4266626834869385,0.00407787259193154,2.6730550289154054,0.016013972499484486,uniform,1,"{'weights': 'uniform', 'n_neighbors': 1}",0.7977695167286245,0.8044609665427509,0.8104089219330854,0.803717472118959,0.8193308550185874,0.8071375464684014,0.007293828085311969,1,1.0,1.0,1.0,1.0,1.0,1.0,0.0,0.7566995768688294,0.755586592178771,0.7670654468684025,0.7591292134831461,0.7532467532467533,0.7583455165291804,0.004753304828928323,1,1.0,1.0,1.0,1.0,1.0,1.0,0.0,4
31,1,0.428787899017334,0.014475875804508,1.0786471366882324,0.03268669797467242,distance,3,"{'weights': 'distance', 'n_neighbors': 3}",0.7933085501858737,0.7888475836431227,0.7940520446096654,0.7925650557620818,0.8118959107806691,0.7961338289962825,0.008081890403985832,2,1.0,1.0,1.0,1.0,1.0,1.0,0.0,0.7323266986959506,0.7440392706872371,0.7617689015691869,0.744413407821229,0.7363452461227242,0.7437787049792656,0.010104678856992556,2,1.0,1.0,1.0,1.0,1.0,1.0,0.0,4
32,2,0.4157717227935791,0.008748635316229752,1.2161468029022218,0.020211799601497892,distance,5,"{'weights': 'distance', 'n_neighbors': 5}",0.753903345724907,0.7687732342007435,0.7799256505576209,0.7605947955390334,0.7888475836431227,0.7704089219330855,0.012664746081705652,4,1.0,1.0,1.0,1.0,1.0,1.0,0.0,0.7253218884120172,0.7354196301564723,0.7450284090909091,0.7391618497109826,0.7287087912087912,0.7347281137158345,0.0070843717094192455,4,1.0,1.0,1.0,1.0,1.0,1.0,0.0,4
33,3,0.41582341194152833,0.006787638194532158,1.6181749820709228,0.021007088090552052,distance,11,"{'weights': 'distance', 'n_neighbors': 11}",0.6215613382899629,0.6245353159851301,0.633457249070632,0.6379182156133829,0.6490706319702603,0.6333085501858736,0.009845618056355011,7,1.0,1.0,1.0,1.0,1.0,1.0,0.0,0.7378640776699029,0.7285342584562012,0.7408695652173913,0.7371134020618557,0.737331081081081,0.7363424768972865,0.004131579277577587,3,1.0,1.0,1.0,1.0,1.0,1.0,0.0,4
34,4,0.4134127140045166,0.009117098364078438,3.4907076358795166,0.021108096650364082,uniform,11,"{'weights': 'uniform', 'n_neighbors': 11}",0.3449814126394052,0.3479553903345725,0.3315985130111524,0.3464684014869889,0.31970260223048325,0.33814126394052046,0.010910891496115491,10,0.5189591078066914,0.5195167286245354,0.5252788104089219,0.5081784386617101,0.4944237918215613,0.513271375464684,0.010924309073706026,0.5749690210656754,0.5665859564164649,0.5845347313237221,0.5580838323353293,0.5764075067024129,0.572116209568721,0.009036202275895239,10,0.7415670650730412,0.7320586694604505,0.728538283062645,0.7379217273954116,0.7372505543237251,0.7354672598630547,0.004605244437246975,4
35,5,0.4143360614776611,0.006633363270376395,3.3874449729919434,0.022750984159404068,uniform,9,"{'weights': 'uniform', 'n_neighbors': 9}",0.4944237918215613,0.4661710037174721,0.48104089219330853,0.4855018587360595,0.46988847583643123,0.47940520446096657,0.010306452610357444,9,0.6548327137546468,0.6442379182156134,0.6674721189591079,0.6531598513011152,0.6451672862453531,0.6529739776951673,0.008377931910301954,0.625,0.6111111111111112,0.6221153846153846,0.6108512628624883,0.6135922330097088,0.6165339983197387,0.005885239647207145,9,0.7566580756013745,0.756768558951965,0.7504702194357367,0.7521404109589042,0.7576948264571054,0.7547464182810171,0.0028814492223076336,4
36,6,0.41748385429382323,0.005246418638704055,2.9644171237945556,0.032351335907828294,uniform,3,"{'weights': 'uniform', 'n_neighbors': 3}",0.774721189591078,0.7710037174721189,0.7754646840148699,0.7702602230483271,0.7947955390334572,0.7772490706319701,0.009003346024220439,3,0.9159851301115242,0.9180297397769517,0.916542750929368,0.9152416356877323,0.9185873605947955,0.9168773234200744,0.001251855631262661,0.7176308539944903,0.7236566643405443,0.745,0.7239692522711391,0.7247457627118644,0.7270005066636076,0.009351211755361142,6,0.8779618742205594,0.876953125,0.8719717064544651,0.8758448950551405,0.8760858003900017,0.8757634802240334,0.0020364801909493946,4
37,7,0.43006505966186526,0.01408567077027998,3.307025194168091,0.030598929673807933,uniform,7,"{'weights': 'uniform', 'n_neighbors': 7}",0.5955390334572491,0.5903345724907063,0.6044609665427509,0.6126394052044609,0.6141263940520446,0.6034200743494423,0.0093171450990754,8,0.7697026022304833,0.770631970260223,0.7685873605947955,0.7721189591078067,0.7721189591078067,0.7706319702602231,0.0013759669534068428,0.6544117647058824,0.6423948220064725,0.6577669902912622,0.6412451361867705,0.6555555555555556,0.6502748537491886,0.006996608511553443,8,0.784428869103997,0.782411775806756,0.775797373358349,0.7839214946216267,0.7809738672682836,0.7815066760318023,0.0031006382881964617,4
38,8,0.42441353797912595,0.011438619962118037,1.3937039852142334,0.025829906412841858,distance,7,"{'weights': 'distance', 'n_neighbors': 7}",0.7226765799256506,0.7167286245353159,0.7338289962825278,0.7338289962825278,0.7464684014869889,0.7307063197026024,0.010274221365129949,5,1.0,1.0,1.0,1.0,1.0,1.0,0.0,0.7313769751693002,0.7204783258594918,0.7365671641791045,0.7316530763528539,0.7301818181818182,0.7300514719485137,0.0052619094800726305,5,1.0,1.0,1.0,1.0,1.0,1.0,0.0,4
39,9,0.42583408355712893,0.01073427260897988,3.138589334487915,0.0281760189019326,uniform,5,"{'weights': 'uniform', 'n_neighbors': 5}",0.6966542750929368,0.6996282527881041,0.7003717472118959,0.708550185873606,0.7286245353159851,0.7067657992565056,0.011619464443471417,6,0.8526022304832713,0.8522304832713755,0.8526022304832713,0.8602230483271376,0.8568773234200744,0.8549070631970261,0.003160069968379712,0.6894775570272259,0.6903888481291269,0.6946902654867256,0.7002204261572373,0.6857942617214835,0.6921142717043598,0.004944034000023312,7,0.8254453842001079,0.8199213161659513,0.8210130660461786,0.8210040801844953,0.8144876325088339,0.8203742958211133,0.0035036720340948426,4
40,0,0.4811187744140625,0.010671721994186702,1.8743258953094482,0.05944212811054793,distance,7,"{'weights': 'distance', 'n_neighbors': 7}",0.43197026022304835,0.4111524163568773,0.4267657992565056,0.4408921933085502,0.45724907063197023,0.4336059479553903,0.0152689934905498,5,1.0,1.0,1.0,1.0,1.0,1.0,0.0,0.6058394160583942,0.6037117903930131,0.6106382978723405,0.6026422764227642,0.6412930135557873,0.6128249588604598,0.01449652574788613,2,1.0,1.0,1.0,1.0,1.0,1.0,0.0,5
41,1,0.4768238067626953,0.005852507572490391,4.0133312225341795,0.04147616541151502,uniform,11,"{'weights': 'uniform', 'n_neighbors': 11}",0.1204460966542751,0.12193308550185873,0.12565055762081784,0.12862453531598514,0.11449814126394052,0.12223048327137546,0.004809207919344605,10,0.23568773234200743,0.2362453531598513,0.229182156133829,0.2200743494423792,0.21988847583643123,0.22821561338289964,0.007167494482467556,0.5031055900621118,0.5256410256410257,0.5331230283911672,0.5290519877675841,0.5082508250825083,0.5198344913888795,0.011910505949555963,9,0.7516301126259632,0.7432748538011696,0.7559779276517474,0.7693307342430149,0.7311495673671199,0.7502726391378031,0.012745704483487792,5
42,2,0.47297101020812987,0.008290503607880237,1.4101157188415527,0.008548200830473796,distance,3,"{'weights': 'distance', 'n_neighbors': 3}",0.5442379182156134,0.5524163568773234,0.5754646840148699,0.5613382899628253,0.5851301115241636,0.5637174721189592,0.014895145835706971,3,1.0,1.0,1.0,1.0,1.0,1.0,0.0,0.5781990521327014,0.581832419733751,0.5940138142747505,0.5884645362431801,0.5912847483095417,0.586758914138785,0.005891816059128928,6,1.0,1.0,1.0,1.0,1.0,1.0,0.0,5
43,3,0.4989895820617676,0.02938189818360051,1.675116205215454,0.030061687056476768,distance,5,"{'weights': 'distance', 'n_neighbors': 5}",0.5018587360594795,0.48475836431226765,0.5018587360594795,0.49591078066914496,0.5278810408921933,0.502453531598513,0.0141646908004281,4,1.0,1.0,1.0,1.0,1.0,1.0,0.0,0.6026785714285714,0.5932666060054596,0.598404255319149,0.5955357142857143,0.6244503078276166,0.6028670909733023,0.011240160917248176,3,1.0,1.0,1.0,1.0,1.0,1.0,0.0,5
44,4,0.4776341915130615,0.009345015797902756,3.5545531272888184,0.08914022457106033,uniform,5,"{'weights': 'uniform', 'n_neighbors': 5}",0.39851301115241633,0.3724907063197026,0.38810408921933087,0.40446096654275093,0.40892193308550184,0.3944981412639405,0.013027923339068848,6,0.6115241635687733,0.6126394052044609,0.6211895910780669,0.6178438661710037,0.6178438661710037,0.6162081784386617,0.003601154212137506,0.5589155370177268,0.5262605042016807,0.5321100917431193,0.5478348439073515,0.5589430894308943,0.5448128132601545,0.013514669782254006,7,0.7617504051863857,0.7663334108346896,0.7463153193389906,0.7648412333179936,0.7559699795314988,0.7590420696419117,0.007287481705944066,5
45,5,0.47372989654541015,0.008478159605985915,3.8116815090179443,0.01965227465817003,uniform,9,"{'weights': 'uniform', 'n_neighbors': 9}",0.18438661710037174,0.18513011152416356,0.2,0.18587360594795538,0.18587360594795538,0.18825278810408919,0.005899430312231196,9,0.3412639405204461,0.34888475836431226,0.34442379182156135,0.3254646840148699,0.3379182156133829,0.3395910780669145,0.007935736414411775,0.5040650406504065,0.498,0.5390781563126252,0.51440329218107,0.5219206680584552,0.5154934314405114,0.014390033224816027,10,0.7379421221864951,0.739558707643814,0.7341521394611727,0.7498929336188437,0.7414355628058727,0.7405962931432396,0.005230300593916114,5
46,6,0.47220449447631835,0.008108591097339884,2.941024589538574,0.007509017132031768,uniform,1,"{'weights': 'uniform', 'n_neighbors': 1}",0.6141263940520446,0.6304832713754647,0.6200743494423792,0.6319702602230484,0.6468401486988847,0.6286988847583643,0.011222579785346142,1,1.0,1.0,1.0,1.0,1.0,1.0,0.0,0.5921146953405018,0.5848275862068966,0.5824022346368715,0.6019830028328612,0.5878378378378378,0.5898330713709937,0.0068859250012662555,4,1.0,1.0,1.0,1.0,1.0,1.0,0.0,5
47,7,0.48185253143310547,0.01258306126847356,1.9610459804534912,0.019581890194215783,distance,9,"{'weights': 'distance', 'n_neighbors': 9}",0.3620817843866171,0.3553903345724907,0.37397769516728624,0.38215613382899627,0.38810408921933087,0.3723420074349442,0.012166077126591984,7,1.0,1.0,1.0,1.0,1.0,1.0,0.0,0.6164556962025316,0.6373333333333333,0.6383248730964467,0.6330049261083743,0.6582597730138714,0.6366757203509115,0.013351760901860793,1,1.0,1.0,1.0,1.0,1.0,1.0,0.0,5
48,8,0.4879289627075195,0.00633438927243224,3.746353769302368,0.07140430333463321,uniform,7,"{'weights': 'uniform', 'n_neighbors': 7}",0.29070631970260224,0.275092936802974,0.27806691449814125,0.29739776951672864,0.27137546468401486,0.2825278810408922,0.009874770388629895,8,0.4674721189591078,0.46821561338289963,0.4741635687732342,0.4674721189591078,0.4654275092936803,0.468550185873606,0.0029562669668507027,0.5356164383561643,0.5146036161335188,0.5252808988764045,0.5277044854881267,0.5251798561151079,0.5256770589938644,0.006722008786367351,8,0.7418879056047197,0.7437260112193682,0.7330459770114942,0.7543491301739652,0.7463487332339791,0.7438715514487053,0.0068857124573950415,5
49,9,0.5076746940612793,0.016087838473921708,1.1672988414764405,0.020997288961511755,distance,1,"{'weights': 'distance', 'n_neighbors': 1}",0.6141263940520446,0.6304832713754647,0.6200743494423792,0.6319702602230484,0.6468401486988847,0.6286988847583643,0.011222579785346142,1,1.0,1.0,1.0,1.0,1.0,1.0,0.0,0.5921146953405018,0.5848275862068966,0.5824022346368715,0.6019830028328612,0.5878378378378378,0.5898330713709937,0.0068859250012662555,4,1.0,1.0,1.0,1.0,1.0,1.0,0.0,5
50,0,0.5570462226867676,0.016119446430275446,1.3303489685058594,0.01649476132742136,distance,1,"{'weights': 'distance', 'n_neighbors': 1}",0.6111524163568773,0.6304832713754647,0.6185873605947956,0.6327137546468401,0.6483271375464684,0.6282527881040892,0.01275694310157752,1,1.0,1.0,1.0,1.0,1.0,1.0,0.0,0.5905172413793104,0.5836200963523744,0.5806001395673412,0.6001410437235543,0.5907859078590786,0.5891328857763318,0.006767969694561028,4,1.0,1.0,1.0,1.0,1.0,1.0,0.0,6
51,1,0.5484024047851562,0.00989546935362526,1.674048948287964,0.01690565527871705,distance,3,"{'weights': 'distance', 'n_neighbors': 3}",0.5420074349442379,0.5516728624535316,0.5762081784386617,0.5635687732342007,0.587360594795539,0.5641635687732343,0.01631220666015916,3,1.0,1.0,1.0,1.0,1.0,1.0,0.0,0.5767405063291139,0.5815047021943573,0.5929609793420046,0.5875968992248062,0.5917602996254682,0.5861126773431501,0.006165530257706462,6,1.0,1.0,1.0,1.0,1.0,1.0,0.0,6
52,2,0.5419491767883301,0.010717023785923976,4.219508028030395,0.05192269272578544,uniform,9,"{'weights': 'uniform', 'n_neighbors': 9}",0.18438661710037174,0.1821561338289963,0.20223048327137547,0.18364312267657992,0.1828996282527881,0.1870631970260223,0.007620001769706443,10,0.3403345724907063,0.3473977695167286,0.3449814126394052,0.32472118959107804,0.3362453531598513,0.3387360594795539,0.007990057530056903,0.5040650406504065,0.4939516129032258,0.5375494071146245,0.5061475409836066,0.5189873417721519,0.5121401886848032,0.014996373013673816,10,0.7386042759177087,0.7401980198019802,0.7304210940574577,0.7475395806589645,0.7404830126893164,0.7394491966250856,0.005464510089549163,6
53,3,0.5496080875396728,0.0071909651446542,3.1753425121307375,0.013502472475708693,uniform,1,"{'weights': 'uniform', 'n_neighbors': 1}",0.6111524163568773,0.6304832713754647,0.6185873605947956,0.6327137546468401,0.6483271375464684,0.6282527881040892,0.01275694310157752,1,1.0,1.0,1.0,1.0,1.0,1.0,0.0,0.5905172413793104,0.5836200963523744,0.5806001395673412,0.6001410437235543,0.5907859078590786,0.5891328857763318,0.006767969694561028,4,1.0,1.0,1.0,1.0,1.0,1.0,0.0,6
54,4,0.5402647972106933,0.012231136766644396,1.95703182220459,0.09263927197269262,distance,5,"{'weights': 'distance', 'n_neighbors': 5}",0.5011152416356878,0.4877323420074349,0.5033457249070632,0.49739776951672865,0.5278810408921933,0.5034944237918216,0.01331166502146325,5,1.0,1.0,1.0,1.0,1.0,1.0,0.0,0.605570530098832,0.5936651583710407,0.5970017636684304,0.5915119363395226,0.6233538191395961,0.6022206415234843,0.011601226610803702,3,1.0,1.0,1.0,1.0,1.0,1.0,0.0,6
55,5,0.5486760616302491,0.019322167495060102,2.4941723346710205,0.05434717194280874,distance,11,"{'weights': 'distance', 'n_neighbors': 11}",0.3070631970260223,0.3100371747211896,0.3241635687732342,0.3315985130111524,0.3315985130111524,0.3208921933085501,0.010478788358333298,8,1.0,1.0,1.0,1.0,1.0,1.0,0.0,0.6433021806853583,0.6640127388535032,0.661608497723824,0.6510948905109489,0.6696696696696697,0.6579375954886608,0.00947673395837342,1,1.0,1.0,1.0,1.0,1.0,1.0,0.0,6
56,6,0.5274233341217041,0.006626802354258203,3.5397299766540526,0.04083241987922313,uniform,3,"{'weights': 'uniform', 'n_neighbors': 3}",0.5063197026022305,0.5078066914498142,0.5271375464684015,0.5234200743494424,0.5390334572490706,0.5207434944237919,0.01231241132757438,4,0.7823420074349442,0.7763940520446097,0.7815985130111525,0.7860594795539033,0.7836431226765799,0.7820074349442379,0.003190102297832695,0.5586546349466776,0.556642216788916,0.5644904458598726,0.5659163987138264,0.5708661417322834,0.5633139676083152,0.005126669924658938,7,0.8156976744186046,0.8140713311245371,0.81256038647343,0.8073692248949981,0.8123314065510597,0.8124060046925259,0.0027930968854126144,6
57,7,0.5332496166229248,0.015613842442561907,2.2651388168334963,0.03715988470300055,distance,9,"{'weights': 'distance', 'n_neighbors': 9}",0.36505576208178436,0.35985130111524166,0.3747211895910781,0.3814126394052045,0.39182156133828994,0.3745724907063197,0.011415968902702883,7,1.0,1.0,1.0,1.0,1.0,1.0,0.0,0.6168341708542714,0.6393659180977543,0.6379746835443038,0.6325524044389642,0.6571072319201995,0.6367668817710986,0.012938457425949504,2,1.0,1.0,1.0,1.0,1.0,1.0,0.0,6
58,8,0.5455917835235595,0.00959405712770358,3.817755031585693,0.04471756266417624,uniform,5,"{'weights': 'uniform', 'n_neighbors': 5}",0.39776951672862454,0.37323420074349445,0.3858736059479554,0.40594795539033457,0.40594795539033457,0.39375464684014877,0.01262277497677573,6,0.6118959107806692,0.6122676579925651,0.6213754646840148,0.6171003717472119,0.616728624535316,0.6158736059479554,0.003502324375706697,0.558455114822547,0.5256544502617801,0.5258358662613982,0.5422045680238332,0.5560081466395111,0.5416316292018138,0.014105449689484337,8,0.7611560693641618,0.7658684026970471,0.7452073116362015,0.7640966628308401,0.7540909090909091,0.758083871123832,0.007588682731396614,6
59,9,0.5300402641296387,0.006381481762470767,4.010028600692749,0.06614141343714863,uniform,7,"{'weights': 'uniform', 'n_neighbors': 7}",0.28847583643122676,0.27137546468401486,0.2788104089219331,0.29739776951672864,0.27137546468401486,0.28148698884758366,0.010135549851569958,9,0.4672862453531598,0.46765799256505575,0.4741635687732342,0.46691449814126396,0.4639405204460966,0.46799256505576203,0.0033547997539564237,0.5351724137931034,0.5140845070422535,0.5289139633286318,0.5263157894736842,0.5229226361031518,0.5254818619481649,0.006968943762725437,9,0.7426883308714919,0.7437185929648241,0.7324145851277635,0.7534493101379725,0.7455197132616488,0.7435581064727401,0.006732668781664762,6
60,0,0.6058075428009033,0.009808181701430926,2.7343193531036376,0.032907026047906844,distance,11,"{'weights': 'distance', 'n_neighbors': 11}",0.2758364312267658,0.2698884758364312,0.2869888475836431,0.28401486988847585,0.29442379182156136,0.28223048327137545,0.008575685267090693,8,1.0,1.0,1.0,1.0,1.0,1.0,0.0,0.6266891891891891,0.6482142857142857,0.6553480475382003,0.6387959866220736,0.6589018302828619,0.6455898678693222,0.01168512267582942,1,1.0,1.0,1.0,1.0,1.0,1.0,0.0,7
61,1,0.6210716247558594,0.042820935255434706,2.3936689376831053,0.0721824249338543,distance,7,"{'weights': 'distance', 'n_neighbors': 7}",0.39107806691449815,0.3576208178438662,0.36951672862453533,0.3836431226765799,0.4052044609665427,0.38141263940520453,0.016565082458448906,6,1.0,1.0,1.0,1.0,1.0,1.0,0.0,0.6018306636155606,0.5967741935483871,0.6053593179049939,0.5856980703745743,0.621436716077537,0.6022197923042106,0.011678356414956625,2,1.0,1.0,1.0,1.0,1.0,1.0,0.0,7
62,2,0.5994549751281738,0.02476497438937844,1.4549851894378663,0.01091880935341183,distance,1,"{'weights': 'distance', 'n_neighbors': 1}",0.5702602230483271,0.587360594795539,0.5821561338289963,0.5955390334572491,0.6104089219330855,0.5891449814126394,0.013429081819926405,1,1.0,1.0,1.0,1.0,1.0,1.0,0.0,0.5459074733096085,0.5497564370215727,0.5584878744650499,0.5558639833448994,0.5554803788903924,0.5530992294063045,0.004587959229493505,5,1.0,1.0,1.0,1.0,1.0,1.0,0.0,7
63,3,0.6096262454986572,0.015399363301912413,1.8864099502563476,0.04290530556262022,distance,3,"{'weights': 'distance', 'n_neighbors': 3}",0.4862453531598513,0.5078066914498142,0.5308550185873606,0.5152416356877323,0.5390334572490706,0.5158364312267658,0.018461432156625046,3,1.0,1.0,1.0,1.0,1.0,1.0,0.0,0.5431893687707641,0.5580065359477124,0.569377990430622,0.5575221238938053,0.5690737833594977,0.5594339604804803,0.009606136960656134,4,1.0,1.0,1.0,1.0,1.0,1.0,0.0,7
64,4,0.5985949993133545,0.01156226692550048,3.7674564838409426,0.02286120700897112,uniform,3,"{'weights': 'uniform', 'n_neighbors': 3}",0.46096654275092935,0.45427509293680296,0.48475836431226765,0.47732342007434947,0.4921933085501859,0.47390334572490705,0.014259595056936044,4,0.7472118959107806,0.737546468401487,0.7358736059479554,0.7481412639405205,0.746096654275093,0.7429739776951674,0.005182374804045956,0.5290102389078498,0.5253654342218401,0.5428809325562032,0.5422297297297297,0.5502909393183707,0.5379554549467988,0.009308269883500335,7,0.8023952095808383,0.8043786742347456,0.7948203172053805,0.8001988071570576,0.8024790083966413,0.8008544033149327,0.00329465969825468,7
65,5,0.6025018215179443,0.01673024986054901,2.1174997806549074,0.02025638322893815,distance,5,"{'weights': 'distance', 'n_neighbors': 5}",0.433457249070632,0.43940520446096654,0.42973977695167287,0.44386617100371745,0.4661710037174721,0.4425278810408922,0.012777725536916475,5,1.0,1.0,1.0,1.0,1.0,1.0,0.0,0.574384236453202,0.5726744186046512,0.5774225774225774,0.5658767772511848,0.6087378640776699,0.5798191747618571,0.014946643863165873,3,1.0,1.0,1.0,1.0,1.0,1.0,0.0,7
66,6,0.5980396747589112,0.005166009869669758,4.604887580871582,0.060831553313050644,uniform,11,"{'weights': 'uniform', 'n_neighbors': 11}",0.10557620817843866,0.11301115241635688,0.11598513011152416,0.12267657992565056,0.10483271375464684,0.11241635687732343,0.00667325075756636,10,0.2204460966542751,0.21970260223048327,0.20724907063197026,0.20055762081784387,0.20074349442379183,0.2097397769516729,0.008778745669728787,0.47651006711409394,0.5187713310580204,0.52,0.5288461538461539,0.5202952029520295,0.5128845509940595,0.0185368681263131,10,0.7539732994278449,0.7591522157996147,0.7595367847411444,0.771265189421015,0.7402330363262508,0.7568321051431739,0.01004702923917331,7
67,7,0.6102458953857421,0.012439538442791796,3.3144479751586915,0.02664349120503504,uniform,1,"{'weights': 'uniform', 'n_neighbors': 1}",0.5702602230483271,0.587360594795539,0.5821561338289963,0.5955390334572491,0.6104089219330855,0.5891449814126394,0.013429081819926405,1,1.0,1.0,1.0,1.0,1.0,1.0,0.0,0.5459074733096085,0.5497564370215727,0.5584878744650499,0.5558639833448994,0.5554803788903924,0.5530992294063045,0.004587959229493505,5,1.0,1.0,1.0,1.0,1.0,1.0,0.0,7
68,8,0.5958230018615722,0.008541034314671956,3.9997857093811033,0.06482454416052756,uniform,5,"{'weights': 'uniform', 'n_neighbors': 5}",0.34572490706319703,0.3308550185873606,0.3397769516728624,0.3516728624535316,0.35985130111524166,0.34557620817843865,0.009912763308549571,7,0.5676579925650558,0.5680297397769517,0.5693308550185874,0.5663568773234201,0.5611524163568773,0.5665055762081784,0.002839428468985642,0.545774647887324,0.5126728110599078,0.518140589569161,0.5273132664437012,0.5525114155251142,0.5312825460970416,0.015462692857284022,8,0.7642642642642643,0.7723022491786707,0.751840942562592,0.7638505891200802,0.7570210631895687,0.7618558216630352,0.006965346132157069,7
69,9,0.6666079998016358,0.04102002992744593,4.369179630279541,0.11760591165731904,uniform,7,"{'weights': 'uniform', 'n_neighbors': 7}",0.26765799256505574,0.24981412639405204,0.24460966542750928,0.26245353159851303,0.24386617100371746,0.25368029739776954,0.00965283709568326,9,0.42063197026022303,0.4224907063197026,0.42602230483271375,0.4247211895910781,0.41561338289962824,0.4218959107806691,0.003645018852566632,0.5397301349325337,0.5324881141045958,0.5367047308319739,0.5198821796759941,0.5256410256410257,0.5308892370372246,0.007255851241049871,9,0.7419672131147541,0.750412677451304,0.7458509599739668,0.7504105090311987,0.747576061517887,0.747243484217822,0.0031610947503358405,7
